{"meta": {"version": "7.3.2", "timestamp": "2023-11-21T17:30:20.334130", "branch_coverage": false, "show_contexts": false}, "files": {"application/__init__.py": {"executed_lines": [1, 2, 3, 4, 5, 6, 8, 9, 11, 12, 13, 16, 17, 18, 19, 26, 27, 30, 31, 32, 33, 34, 35, 36, 37, 39, 40, 41, 42, 44, 45, 46, 47, 49], "summary": {"covered_lines": 34, "num_statements": 38, "percent_covered": 89.47368421052632, "percent_covered_display": "89", "missing_lines": 4, "excluded_lines": 0}, "missing_lines": [21, 22, 23, 24], "excluded_lines": []}, "application/controllers/EventController.py": {"executed_lines": [1, 2, 4, 5, 6, 7, 9, 10, 11, 20, 21, 33, 34, 35, 37, 38, 39, 41, 43, 44, 45, 47, 48, 50, 51, 52, 58, 59, 60, 62, 63, 64, 65, 67, 68, 69, 71, 72, 74, 75, 76, 77, 80, 81, 82, 83, 86, 87, 88, 92, 93, 94, 95, 97, 98, 100, 107, 108, 109, 110, 112, 113], "summary": {"covered_lines": 62, "num_statements": 73, "percent_covered": 84.93150684931507, "percent_covered_display": "85", "missing_lines": 11, "excluded_lines": 0}, "missing_lines": [70, 89, 90, 102, 103, 104, 105, 115, 116, 117, 118], "excluded_lines": []}, "application/controllers/UserController.py": {"executed_lines": [1, 2, 3, 4, 5, 6, 8, 9, 18, 19, 20, 22, 23, 24, 25, 27, 28, 29, 32, 36, 37, 39, 40, 41, 43, 44, 45, 47, 48, 50, 51, 53, 54, 55, 60, 62, 63, 67, 68, 69, 70, 71, 72, 73, 75, 76, 77, 78, 79, 81, 82, 84, 85, 87, 89], "summary": {"covered_lines": 55, "num_statements": 62, "percent_covered": 88.70967741935483, "percent_covered_display": "89", "missing_lines": 7, "excluded_lines": 0}, "missing_lines": [64, 65, 90, 91, 92, 93, 94], "excluded_lines": []}, "application/controllers/WeatherController.py": {"executed_lines": [1, 2, 4, 5, 7, 19], "summary": {"covered_lines": 6, "num_statements": 28, "percent_covered": 21.428571428571427, "percent_covered_display": "21", "missing_lines": 22, "excluded_lines": 0}, "missing_lines": [8, 9, 10, 12, 14, 15, 16, 17, 20, 21, 22, 23, 25, 26, 27, 29, 30, 32, 33, 34, 35, 36], "excluded_lines": []}, "application/controllers/__init__.py": {"executed_lines": [0], "summary": {"covered_lines": 0, "num_statements": 0, "percent_covered": 100.0, "percent_covered_display": "100", "missing_lines": 0, "excluded_lines": 0}, "missing_lines": [], "excluded_lines": []}, "application/controllers/tflController.py": {"executed_lines": [1, 3, 4, 5, 9, 10, 11, 12, 13, 14], "summary": {"covered_lines": 10, "num_statements": 10, "percent_covered": 100.0, "percent_covered_display": "100", "missing_lines": 0, "excluded_lines": 0}, "missing_lines": [], "excluded_lines": []}, "application/models/Attendees.py": {"executed_lines": [1, 2, 3, 8, 9, 10, 11, 12, 13, 14, 15, 16, 17, 21, 22, 23, 24, 25, 26, 27, 28, 29, 30, 32, 33, 34, 35, 36, 37, 38, 39, 40, 41, 42, 45, 47, 48, 49, 51, 52, 53, 54, 55, 57, 58, 59, 60, 62, 63, 64, 65, 66, 67, 69, 70, 71, 72, 73, 74, 75, 76, 77, 78], "summary": {"covered_lines": 63, "num_statements": 63, "percent_covered": 100.0, "percent_covered_display": "100", "missing_lines": 0, "excluded_lines": 0}, "missing_lines": [], "excluded_lines": []}, "application/models/Errors.py": {"executed_lines": [1, 2, 3, 5, 6, 7, 9, 10, 11, 13, 14, 15, 17, 18, 19, 21, 22, 23], "summary": {"covered_lines": 12, "num_statements": 12, "percent_covered": 100.0, "percent_covered_display": "100", "missing_lines": 0, "excluded_lines": 0}, "missing_lines": [], "excluded_lines": []}, "application/models/Events.py": {"executed_lines": [1, 2, 3, 5, 6, 7, 9, 10, 11, 12, 13, 14, 15, 16, 20, 21, 22, 23, 24, 25, 26, 27, 29, 30, 33, 34, 35, 36, 37, 38, 39, 41, 42, 43, 44, 45, 46, 47, 49, 51, 52, 53, 54, 56, 57, 58, 60, 61, 62, 63, 64, 65, 66, 67, 68, 70, 71, 72, 77, 78, 79, 80, 82, 83, 84, 85, 86, 88, 93, 94, 95, 96], "summary": {"covered_lines": 72, "num_statements": 72, "percent_covered": 100.0, "percent_covered_display": "100", "missing_lines": 0, "excluded_lines": 0}, "missing_lines": [], "excluded_lines": []}, "application/models/TfL.py": {"executed_lines": [1, 2, 3, 4, 5, 7, 8, 11, 13, 14, 15, 17, 20, 21, 22, 23, 25, 26, 27, 28, 32, 33, 34, 35, 36, 37, 38, 39, 40, 41, 42, 43, 44, 45, 46, 48, 49, 50, 59, 61, 62, 63, 64, 65, 66, 67, 68, 69, 70, 71, 72, 73, 74, 75, 76, 77, 78, 80, 81, 82, 83, 85, 86, 87, 101], "summary": {"covered_lines": 65, "num_statements": 69, "percent_covered": 94.20289855072464, "percent_covered_display": "94", "missing_lines": 4, "excluded_lines": 0}, "missing_lines": [9, 12, 18, 30], "excluded_lines": []}, "application/models/Token.py": {"executed_lines": [1, 2, 4, 5, 6, 7, 9, 10, 11, 14, 15, 17, 18, 19, 20, 21, 22, 23, 24, 25, 26, 27, 28, 29, 30, 31, 32, 33, 34], "summary": {"covered_lines": 29, "num_statements": 29, "percent_covered": 100.0, "percent_covered_display": "100", "missing_lines": 0, "excluded_lines": 0}, "missing_lines": [], "excluded_lines": []}, "application/models/User.py": {"executed_lines": [1, 2, 3, 6, 7, 8, 9, 10, 11, 12, 13, 15, 16, 17, 18, 19, 20, 21, 23, 24, 26, 27, 33, 34, 35, 36, 37, 38, 39, 40, 42, 43, 44, 45, 46, 47, 48, 50, 51, 52, 53, 54, 55, 56, 58, 59, 60, 61, 63, 64, 65, 66, 68, 69, 70, 71, 72, 73, 74], "summary": {"covered_lines": 59, "num_statements": 59, "percent_covered": 100.0, "percent_covered_display": "100", "missing_lines": 0, "excluded_lines": 0}, "missing_lines": [], "excluded_lines": []}, "application/models/Weather.py": {"executed_lines": [1, 2, 3, 4, 5, 7, 10, 12, 13, 14, 15, 17, 18, 19, 20, 22, 23, 24, 26, 38, 39, 40, 41, 42, 43, 44, 46, 48, 49, 50, 51, 53, 55, 56, 57, 58, 60, 73, 75], "summary": {"covered_lines": 39, "num_statements": 39, "percent_covered": 100.0, "percent_covered_display": "100", "missing_lines": 0, "excluded_lines": 0}, "missing_lines": [], "excluded_lines": []}, "application/routes/events.py": {"executed_lines": [1, 2, 3, 5, 9, 10, 11, 13, 14, 15, 17, 18, 19, 20, 22, 24, 25, 26, 28, 29, 30, 32, 33, 34], "summary": {"covered_lines": 24, "num_statements": 24, "percent_covered": 100.0, "percent_covered_display": "100", "missing_lines": 0, "excluded_lines": 0}, "missing_lines": [], "excluded_lines": []}, "application/routes/tfl.py": {"executed_lines": [1, 2, 3, 5, 9, 10, 11, 13, 14, 15], "summary": {"covered_lines": 10, "num_statements": 10, "percent_covered": 100.0, "percent_covered_display": "100", "missing_lines": 0, "excluded_lines": 0}, "missing_lines": [], "excluded_lines": []}, "application/routes/users.py": {"executed_lines": [1, 2, 3, 5, 11, 12, 13, 15, 16, 17, 19, 20, 21, 22, 23, 24, 26, 27, 28, 30, 31, 32, 34, 35], "summary": {"covered_lines": 24, "num_statements": 25, "percent_covered": 96.0, "percent_covered_display": "96", "missing_lines": 1, "excluded_lines": 0}, "missing_lines": [36], "excluded_lines": []}, "application/routes/weather.py": {"executed_lines": [1, 2, 3, 5, 11, 12, 13, 15, 16, 19, 20], "summary": {"covered_lines": 11, "num_statements": 13, "percent_covered": 84.61538461538461, "percent_covered_display": "85", "missing_lines": 2, "excluded_lines": 0}, "missing_lines": [17, 21], "excluded_lines": []}}, "totals": {"covered_lines": 575, "num_statements": 626, "percent_covered": 91.85303514376997, "percent_covered_display": "92", "missing_lines": 51, "excluded_lines": 0}}